question,answer
Hi! What can I help you with today?,Hello! I’m here to assist you with anything related to Python. What would you like to learn today?
Good day! Are you ready to start coding?,Good day! I'm excited to help you start coding in Python. Let's get started whenever you're ready.
Hey! How are you feeling about learning Python?,Hey! I'm here to make learning Python fun and easy. Let me know how I can assist you.
Hello! What Python topic are you curious about?,"Hi there! Whether it's variables, functions, or something more advanced, I'm ready to help you explore Python."
Greetings! What's your experience with Python so far?,"Greetings! Whether you're a complete beginner or have some experience, I'm here to support your Python learning journey."
Welcome! How can I make Python easier for you?,"Welcome! Python is a powerful language, and I'm here to simplify it for you. How can I assist today?"
Hi! Ready to write some Python code?,Hi! Let's dive into Python and start writing some code. What would you like to work on today?
Hello! Do you have any Python questions?,Hello! I'm here to answer any Python questions you have. Ask away!
Hey there! What's your Python learning goal?,"Hey! Whether it's mastering the basics or tackling advanced topics, I'm here to help you reach your Python learning goals."
Hi! Let's start our Python journey. What interests you?,Hi! Python has something for everyone. Let's explore what interests you the most!
Good morning! Ready to learn something new in Python?,Good morning! Python has so much to offer. What new thing can I help you learn today?
Good afternoon! Need help with Python?,Good afternoon! I'm here to assist with all your Python needs. What can I help you with?
Good evening! Want to dive into Python?,Good evening! It's a great time to learn Python. What would you like to explore?
Hi there! What Python project are you working on?,Hi! I'd love to hear about your Python project and help you with any challenges you're facing.
Hello! How can I assist you with Python today?,"Hello! Whether you need guidance or just some tips, I'm here to help you with Python."
Hey! Are you ready to enhance your Python skills?,Hey! Let's work together to enhance your Python skills. Where would you like to start?
Hi! How can Python make your life easier?,Hi! Python is great for automating tasks and solving problems. How can I help you make the most of it?
Hello! Do you need any Python tips today?,Hello! I'm full of Python tips and tricks. Let me know what you'd like to learn!
Hey! Ready to take your Python knowledge to the next level?,Hey! Let's level up your Python skills together. What would you like to focus on?
Good day! How can I make Python more fun for you?,Good day! Python is a versatile language. Let's find a fun project or challenge to work on!
Hi! Any Python challenges you're facing?,Hi! I'm here to help you overcome any Python challenges. What's giving you trouble?
Hello! What Python topic would you like to explore today?,Hello! Python has many interesting topics. Let's dive into the one you're most curious about!
Hey! How's your Python learning going?,Hey! I hope your Python learning is going well. How can I help you progress further?
Hi there! Need help getting started with Python?,"Hi! Getting started with Python is exciting, and I'm here to guide you through it."
Hello! What Python concepts are you struggling with?,Hello! I'm here to clarify any Python concepts you're finding difficult. Let's tackle them together.
Hi! Want to try a Python coding challenge?,Hi! Coding challenges are a great way to learn. Let's pick one that matches your skill level!
Good morning! What Python skill would you like to improve today?,Good morning! Improving Python skills is a great way to start the day. What can I help with?
Good afternoon! Ready to code something cool in Python?,Good afternoon! Let's create something cool in Python. What project do you have in mind?
Good evening! Need help with your Python project?,Good evening! I'm here to assist with your Python project. Let's work through any issues together.
Hi! Are you new to Python?,"Hi! Welcome to the Python community. If you're new, I can help you get started with the basics."
Hello! What are your goals for learning Python?,Hello! Setting goals is important. Let's discuss how Python can help you achieve them.
Hey! Looking for Python resources?,Hey! I can recommend some great Python resources to help you learn more effectively.
Hi there! What's your favorite thing about Python?,Hi! Python has a lot to love. What's your favorite feature or tool in Python?
Hello! Need a quick Python tip?,"Hello! I'm full of Python tips. Ask me anything, and I'll provide some helpful advice!"
Hey! Interested in learning about Python libraries?,Hey! Python has a rich ecosystem of libraries. Let's explore the ones that interest you.
Hi! Do you have any Python projects in mind?,"Hi! If you have a project in mind, I can help you plan and start coding it in Python."
Hello! Ready to learn something new in Python today?,Hello! Python is full of surprises. Let's discover something new together.
Hi! How can I support your Python learning journey?,Hi! I'm here to support you every step of the way in your Python learning journey.
Hey! Are you curious about how Python works?,Hey! Python's inner workings are fascinating. I can explain anything you're curious about.
Hi! Want to practice Python with a small project?,Hi! Small projects are a great way to practice. Let's find one that matches your interests.
Hello! What's your favorite Python feature?,Hello! Python has many great features. I'd love to hear which one you enjoy the most.
Hey! How can I help you with Python today?,"Hey! Whether it's debugging, learning new concepts, or anything else, I'm here to help."
Hi! Want to explore Python's capabilities?,Hi! Python is capable of so much. Let's explore its capabilities together.
Hello! How's your Python journey going?,Hello! I hope your Python journey is going well. How can I help you along the way?
Hey! Need help understanding a Python concept?,Hey! I'm here to help you understand any Python concept. Let's work through it together.
Hi! Ready to learn a new Python skill?,Hi! Let's add a new Python skill to your toolkit today. What would you like to learn?
Hello! Have you tried any Python coding challenges?,Hello! Coding challenges are a great way to learn. I can suggest some that fit your level.
Hey! How can I make Python more understandable for you?,"Hey! If something in Python is unclear, I'm here to explain it in a way that makes sense to you."
Hi! Looking for inspiration for a Python project?,Hi! I can suggest some interesting Python projects to get your creative juices flowing.
Hello! What Python tools are you using?,"Hello! Python has many tools and libraries. Let me know what you're using, and I can offer tips."
Hey! How's your Python code coming along?,Hey! I'm here to help you refine and debug your Python code. What are you working on?
Hi! Want to learn about Python's versatility?,Hi! Python can be used in so many fields. Let's explore its versatility together.
Hello! What Python feature would you like to master?,Hello! Mastering Python features takes time. I'm here to help you with any that you're interested in.
Hey! Have you tried writing your own Python functions?,Hey! Writing your own functions is a great way to learn Python. I can help you get started.
Hi! How can Python make your tasks easier?,Hi! Python is great for automating and simplifying tasks. Let me know what you'd like to automate.
Hello! Interested in learning about Python's community?,Hello! Python has a large and supportive community. I can guide you to some great resources.
Hey! What's the most exciting thing you've learned in Python so far?,Hey! I'd love to hear about your Python learning experiences. What's excited you the most?
Hi! Ready to tackle a new Python project?,Hi! New projects are a great way to learn. Let's pick something fun to work on.
Hello! Need help organizing your Python code?,Hello! Well-organized code is important. I can offer tips on how to keep your Python code clean.
Hey! Do you want to learn about Python data structures?,"Hey! Data structures are crucial in Python. Let's explore lists, dictionaries, and more together."
Hi! How can I make your Python learning experience better?,Hi! I'm here to make your Python learning journey smooth and enjoyable. How can I help?
Hello! Interested in learning about Python's history?,Hello! Python has a rich history. I can tell you about how it evolved over time.
Hey! Want to learn how to debug Python code?,Hey! Debugging is an essential skill. I can show you some techniques to debug your Python code effectively.
Hi! How are you finding Python so far?,"Hi! Python can be challenging at times, but I'm here to help you through it. How are you finding it?"
Hello! Do you need a Python refresher?,"Hello! If you need a quick refresher on any Python topic, I'm here to help."
Hey! Have you tried using Python for web development?,Hey! Python is great for web development. I can introduce you to frameworks like Flask or Django.
Hi! How can I make Python more intuitive for you?,"Hi! If you're finding anything in Python confusing, let me help make it more intuitive for you."
Hello! What Python version are you using?,"Hello! Knowing your Python version helps. Let me know, and I can tailor my advice accordingly."
Hey! Ready to explore Python's built-in functions?,Hey! Python has powerful built-in functions. Let's explore how they can make coding easier.
Hi! Want to learn how to work with files in Python?,Hi! Working with files is a common task in Python. I can guide you through reading and writing files.
Hello! How can I support your Python learning process?,Hello! I'm here to support you every step of the way in learning Python. What do you need help with?
Hey! Have you tried Python for data analysis?,Hey! Python is widely used for data analysis. I can show you how to get started with libraries like pandas.
Hi! What Python resources have you found useful?,Hi! Sharing resources is a great way to learn. I can suggest more based on what you've found useful.
Hello! Want to learn about Python's syntax?,Hello! Python's syntax is straightforward. I can walk you through the basics to get you started.
Hey! Interested in learning about Python functions?,Hey! Functions are a core part of Python. Let's explore how to create and use them effectively.
Hi! How can I make learning Python more interactive for you?,Hi! Interactive learning is key. I can suggest some coding exercises to make things more engaging.
Hello! Have you explored Python's standard library?,Hello! Python's standard library is full of useful tools. I can help you navigate through it.
Hey! Ready to learn about Python's control structures?,Hey! Control structures like loops and conditionals are essential. I can help you master them.
Hi! Need help choosing a Python project?,Hi! Choosing the right project can be tough. I can suggest ideas based on your interests and skill level.
Hello! Want to learn how to handle errors in Python?,Hello! Error handling is an important skill. I can show you how to use try-except blocks effectively.
Hey! Have you tried using Python for automation?,Hey! Automation is one of Python's strengths. Let's find tasks you can automate to save time.
Hi! How's your experience with Python so far?,"Hi! Python is a journey, and I'm here to help you at every step. How's your experience been?"
Hello! Interested in learning about Python loops?,Hello! Loops are powerful tools in Python. I can help you learn how to use them efficiently.
Hey! Want to learn about Python's data types?,Hey! Python has several important data types. Let's explore them and see how they can be used.
Hi! How can I help you with Python today?,Hi! I'm here to help you with all your Python needs. What can I assist you with today?
Hello! Ready to start a new Python challenge?,Hello! Challenges are a great way to learn. Let's find one that's right for your level.
Hey! Want to learn about Python's list comprehensions?,Hey! List comprehensions are a concise way to create lists. I can show you how they work.
Hi! How can I make Python more enjoyable for you?,Hi! Learning should be fun. Let's find ways to make Python more enjoyable for you.
Hello! Interested in learning about Python's decorators?,Hello! Decorators are a powerful feature in Python. I can help you understand how to use them.
Hey! Ready to explore Python's object-oriented programming?,Hey! OOP is a key concept in Python. Let's dive into classes and objects together.
Hello! Are you ready to start learning Python today?,Hi there! I'm excited to help you learn Python. Let's get started!
How can I help you with Python today?,"You can ask me anything about Python, whether you're just starting out or looking for more advanced topics."
I'm new to programming. Is Python a good place to start?,Absolutely! Python is a great language for beginners because of its simplicity and readability. Let's explore Python together.
Where should I begin if I want to learn Python?,"A good starting point is to understand the basics like variables, data types, and functions. Then, you can move on to more complex topics like loops, conditionals, and object-oriented programming."
Can you give me an overview of what Python is used for?,"Sure! Python is a versatile language used in web development, data science, automation, artificial intelligence, and more. It's widely appreciated for its ease of use and wide range of applications."
What makes Python different from other programming languages?,"Python is known for its simple syntax that resembles natural language, making it easier to learn and use. It's also highly versatile, with a large community and a wealth of libraries for various tasks."
Why should I learn Python?,"Learning Python opens up many opportunities in fields like web development, data analysis, machine learning, and automation. It's also a great first language if you're new to programming."
I'm feeling a bit overwhelmed. Can you help me break down Python learning into smaller steps?,"Of course! Start with the basics: learn about variables, data types, and simple functions. From there, move on to loops, conditionals, and working with data structures like lists and dictionaries."
How long will it take to learn Python?,"It depends on how much time you can dedicate to learning. With consistent practice, you can grasp the basics in a few weeks. Mastery, of course, takes longer, but you'll be able to build useful projects in a few months."
What's the best way to practice Python?,"The best way to practice Python is by working on small projects that interest you. Try coding every day, even if it's just for a short time, and challenge yourself with new problems."
Can you suggest some beginner-friendly Python projects?,"Certainly! You could start with a simple calculator, a to-do list app, or even a basic game like Hangman. These projects help you apply what you've learned and gain confidence."
How can I stay motivated while learning Python?,"Set small, achievable goals and celebrate your progress. Engage with the Python community, and remember to work on projects that excite you. Learning is a journey, so enjoy each step!"
What should I do if I get stuck on a Python problem?,"Don't worry! It's normal to get stuck sometimes. Take a break, review your code, and try to explain the problem out loud. If you're still stuck, you can ask me for help or search online resources."
What resources can I use to learn Python?,"There are many great resources available: online tutorials, coding challenges, Python documentation, and books like 'Automate the Boring Stuff with Python.' Practice and explore different resources to find what works best for you."
How do I start coding in Python right now?,"To start coding in Python, you can install Python from python.org and use a code editor like VS Code. If you're not ready to install anything yet, try an online Python interpreter like Repl.it or Google Colab."
Can I use Python to automate tasks?,"Yes, Python is excellent for automation! You can automate tasks like file management, web scraping, and even sending emails. The possibilities are endless."
How can I learn Python faster?,"Consistent practice, working on projects, and challenging yourself with problems are key. Also, try teaching what you learn to someone else – it helps reinforce your understanding."
Is Python used for web development?,"Yes, Python is widely used in web development, especially with frameworks like Django and Flask. You can build everything from simple websites to complex web applications with Python."
What are some popular Python libraries I should know about?,"Some popular Python libraries include NumPy and pandas for data analysis, Flask and Django for web development, and TensorFlow and scikit-learn for machine learning."
What's the difference between Python 2 and Python 3?,"Python 3 is the current and actively developed version of Python, with more features and better support. Python 2 is legacy and no longer maintained, so it's best to focus on Python 3."
What is Python?,"Python is a high-level, interpreted programming language known for its readability and versatility. It is used in web development, data science, automation, and more."
How do I install Python?,"To install Python, visit the official website at python.org, download the appropriate installer for your operating system, and follow the installation instructions."
What is PEP 8?,PEP 8 is the style guide for writing Python code. It provides guidelines on how to format Python code for maximum readability.
How do I declare a variable in Python?,"In Python, you can declare a variable simply by assigning a value to it. For example: x = 10."
What are Python's data types?,"Python has several built-in data types including integers, floats, strings, lists, tuples, sets, and dictionaries."
How do I create a function in Python?,"You can create a function in Python using the def keyword, followed by the function name and parentheses. Example: def my_function():"
What is a list in Python?,"A list in Python is a collection of items that are ordered and changeable. Lists are created using square brackets, e.g., my_list = [1, 2, 3]."
What is a dictionary in Python?,"A dictionary in Python is a collection of key-value pairs. Dictionaries are unordered, changeable, and indexed. Example: my_dict = {'key': 'value'}."
What is a loop in Python?,"A loop in Python is used to iterate over a sequence (like a list, tuple, or string) or other iterable objects. Python supports for loops and while loops."
How do I handle exceptions in Python?,"Exceptions in Python are handled using try-except blocks. Code that might raise an exception is placed inside the try block, and the handling code goes in the except block."
What are Python's built-in modules?,"Python comes with many built-in modules such as os, sys, math, datetime, and json. You can import them using the import statement."
What is a virtual environment in Python?,A virtual environment is an isolated environment for Python projects. It allows you to manage dependencies specific to a project without affecting other projects.
How do I install packages in Python?,"You can install packages in Python using pip, the Python package manager. Example: pip install package_name."
What is a lambda function in Python?,"A lambda function is a small anonymous function defined using the lambda keyword. It can take any number of arguments, but only one expression. Example: lambda x: x + 1."
What are list comprehensions in Python?,List comprehensions provide a concise way to create lists in Python. Example: [x for x in range(10) if x % 2 == 0] creates a list of even numbers from 0 to 9.
How do I read a file in Python?,"You can read a file in Python using the open function. Example: with open('file.txt', 'r') as file: content = file.read()."
What is the difference between a tuple and a list in Python?,"The main difference between a tuple and a list is that tuples are immutable (cannot be changed), while lists are mutable. Tuples are defined using parentheses (), while lists use square brackets []."
How do I use Python for web development?,Python can be used for web development with frameworks like Django and Flask. These frameworks help in building web applications quickly and efficiently.
What is Python used for?,"Python is used in various fields such as web development, data science, machine learning, automation, scripting, and more. Its versatility and ease of use make it popular in many domains."
How do I debug Python code?,Python code can be debugged using tools like pdb (Python Debugger) or IDE features such as breakpoints. You can also use print statements to track the flow of your code.
What is a decorator in Python?,A decorator in Python is a function that modifies the behavior of another function or method. Decorators are applied using the @ symbol above a function definition.
What is the difference between '==' and 'is' in Python?,"'==' checks for value equality, meaning two objects have the same value. 'is' checks for identity, meaning two objects are the same instance in memory."
How do you create a class in Python?,"To create a class in Python, use the class keyword followed by the class name and a colon. Define methods inside the class, including an __init__ method for initialization."
What is a generator in Python?,"A generator is a type of iterable, like a list or tuple, but unlike lists, generators do not store their contents in memory. They yield items one at a time and are defined using the yield keyword."
What is the difference between deep copy and shallow copy?,A shallow copy creates a new object but inserts references into it to the objects found in the original. A deep copy creates a new object and recursively copies all objects found in the original.
How do you perform unit testing in Python?,Unit testing in Python can be performed using the unittest module. Create test cases by subclassing unittest.TestCase and define test methods that use assertions to verify code behavior.
What is the purpose of the 'self' keyword in Python classes?,The 'self' keyword in Python is used to represent the instance of the class. It allows access to the attributes and methods of the class in object-oriented programming.
What are Python's iterators and how do they work?,"Iterators are objects that implement the iterator protocol, which consists of __iter__() and __next__() methods. They allow traversing through all the elements of a collection without needing to know the underlying structure."
What is a context manager in Python?,"A context manager in Python is used for resource management, such as file operations. It ensures that resources are properly cleaned up after use, typically using the with statement."
How do you manage dependencies in Python projects?,Dependencies in Python projects can be managed using package managers like pip and tools like pipenv or poetry. These tools help in specifying and installing required packages and their versions.
How do I create a virtual environment in Python?,You can create a virtual environment in Python using the venv module. Run python3 -m venv myenv to create a new virtual environment.
What is the Python Global Interpreter Lock (GIL)?,"The Python Global Interpreter Lock (GIL) is a mutex that protects access to Python objects, preventing multiple threads from executing Python bytecode simultaneously."
What is multithreading in Python?,Multithreading in Python allows multiple threads to be executed concurrently. Python's threading module provides a way to achieve multithreading.
What is multiprocessing in Python?,Multiprocessing in Python allows for parallel execution of tasks on multiple processors or cores. It is often used to bypass the GIL in CPU-bound tasks.
How do you handle files in Python?,"Files in Python can be handled using the open() function, which allows you to read, write, and append to files."
What are Python's built-in data structures?,"Python's built-in data structures include lists, dictionaries, sets, and tuples. Each of these data structures has its own unique properties and use cases."
What is the difference between Python 2 and Python 3?,"Python 2 and Python 3 have significant differences. Python 3 is not backward compatible with Python 2 and includes features like print as a function, improved integer division, and more."
What is an abstract class in Python?,An abstract class in Python is a class that cannot be instantiated and usually includes one or more abstract methods that must be implemented by subclasses.
How do you create a package in Python?,A package in Python is a way of organizing related modules. A package is created by placing an __init__.py file inside a directory.
What is a metaclass in Python?,A metaclass in Python is a class of a class that defines how a class behaves. A class is an instance of a metaclass.
How do you measure the performance of Python code?,The performance of Python code can be measured using modules like timeit for timing small code snippets or cProfile for profiling larger blocks of code.
What is a singleton in Python?,A singleton in Python is a design pattern that restricts the instantiation of a class to one single instance.
How do you use Python for data analysis?,"Python is widely used for data analysis with libraries like pandas, NumPy, and Matplotlib that provide tools for data manipulation, statistical analysis, and visualization."
What is the Pythonic way to check if a list is empty?,The Pythonic way to check if a list is empty is to use the implicit boolean conversion of the list. Example: if not my_list:.
How do you reverse a string in Python?,You can reverse a string in Python using slicing. Example: reversed_string = my_string[::-1].
What is a closure in Python?,A closure in Python is a nested function that remembers the values from its enclosing lexical scope even when the program flow is no longer in that scope.
How do you work with JSON in Python?,"You can work with JSON in Python using the json module, which provides methods to encode and decode JSON data."
What is the difference between append() and extend() in Python?,"append() adds its argument as a single element to the end of a list, while extend() iterates over its argument adding each element to the list, extending the list."
What is a property in Python?,"A property in Python is a special kind of attribute that allows you to define methods for getting, setting, and deleting an attribute, while still using the normal attribute syntax."
How do you connect to a database in Python?,"You can connect to a database in Python using libraries such as sqlite3, MySQLdb, or SQLAlchemy for ORM. These libraries provide functions for connecting and interacting with databases."
What is the difference between sort() and sorted() in Python?,"sort() sorts a list in place, altering the original list, while sorted() returns a new sorted list from the elements of any iterable."
What are Python decorators used for?,"Python decorators are used to modify the behavior of functions or methods. They are often used for logging, enforcing access control, instrumentation, or caching."
What is the purpose of the pass statement in Python?,The pass statement in Python is a null operation; it is used when a statement is required syntactically but you do not want any command or code to execute.
How do you check for the existence of a key in a dictionary?,You can check for the existence of a key in a Python dictionary using the in keyword. Example: if 'key' in my_dict:.
How do you create a list of numbers in Python?,"You can create a list of numbers in Python using the range() function. Example: my_list = list(range(1, 11)) creates a list of numbers from 1 to 10."
What is the zip() function in Python?,"The zip() function in Python takes iterables (can be zero or more), aggregates them in a tuple, and returns it. It is used to pair elements from different lists together."
How do you merge dictionaries in Python?,"You can merge dictionaries in Python using the update() method or the newer syntax: merged_dict = {**dict1, **dict2}."
What is the map() function in Python?,The map() function applies a given function to all items in an input list and returns a map object (which is an iterator).
What is the filter() function in Python?,The filter() function constructs an iterator from elements of an iterable for which a function returns true.
How do you create a tuple in Python?,"A tuple in Python is created by placing all the items (elements) inside parentheses (), separated by commas. Example: my_tuple = (1, 2, 3)."
What is the enumerate() function in Python?,The enumerate() function adds a counter to an iterable and returns it as an enumerate object. It is commonly used in loops for indexing.
What is the reduce() function in Python?,The reduce() function from the functools module applies a rolling computation to sequential pairs of values in a list.
What are docstrings in Python?,"Docstrings in Python are string literals that appear right after the definition of a function, method, class, or module. They are used to document the code."
What is the super() function in Python?,The super() function is used to give access to methods and properties of a parent or sibling class. It returns an object that represents the parent class.
How do you create a set in Python?,A set in Python is created using curly braces {} or the set() function. Sets are unordered collections of unique elements.
What is the isinstance() function in Python?,The isinstance() function is used to check if an object is an instance or subclass of a class or a tuple of classes.
What is a module in Python?,"A module in Python is a file containing Python definitions and statements. A module can define functions, classes, and variables. It can also include runnable code."
How do you import a module in Python?,You can import a module in Python using the import statement. Example: import math imports the math module.
What is the purpose of the __name__ variable in Python?,"__name__ is a special built-in variable in Python that evaluates to '__main__' when the script is run directly, but evaluates to the name of the module when imported."
What is a lambda expression in Python?,A lambda expression in Python is an anonymous function that is defined using the lambda keyword. Example: lambda x: x * 2.
How do you perform matrix operations in Python?,"Matrix operations in Python can be performed using the NumPy library, which provides a range of mathematical operations on arrays and matrices."
What are magic methods in Python?,"Magic methods in Python are special methods with double underscores at the beginning and end of their names, like __init__ or __str__. They enable operator overloading and other special functionality."
How do you create a custom exception in Python?,A custom exception in Python can be created by subclassing the built-in Exception class and defining your own class. Example: class MyException(Exception): pass.
How do you handle command-line arguments in Python?,Command-line arguments in Python can be handled using the sys.argv list or the argparse module for more complex argument parsing.
How do you send an HTTP request in Python?,HTTP requests in Python can be sent using the requests library. Example: requests.get('https://example.com') sends a GET request to a URL.
What is the difference between a method and a function in Python?,"A function in Python is a piece of code that is called by name, while a method is a function that is associated with an object and called on that object."
How do you sort a list in Python?,"A list in Python can be sorted using the sort() method for in-place sorting, or the sorted() function for returning a new sorted list."
What is the use of the with statement in Python?,"The with statement in Python is used for resource management and exception handling. It ensures that resources like files are properly closed after their suite finishes, even if an exception is raised."
Where should I start if I'm new to Python?,"Start by learning the basics of Python syntax, variables, and data types. A good place to begin is understanding how to write simple scripts."
What is the first step in learning Python?,"The first step is to install Python on your computer and set up a development environment. You can use IDEs like PyCharm, VSCode, or Jupyter Notebook."
What should I learn after setting up Python?,"After setting up, focus on understanding basic Python syntax, including variables, operators, and basic data types like integers, strings, and floats."
How can I practice basic Python syntax?,"You can practice by writing simple scripts, such as calculating the area of a circle, or converting temperatures between Celsius and Fahrenheit."
What are Python variables?,"Variables in Python are used to store data values. Unlike some other languages, you don’t need to declare their type explicitly."
Why is it important to learn about Python data types?,"Understanding data types is crucial because it allows you to work efficiently with different kinds of data, like numbers, text, and complex structures."
What are the fundamental data types in Python?,"The fundamental data types include integers, floats, strings, and booleans. Each serves a specific purpose in handling data."
When should I use strings in Python?,"Use strings when you need to work with textual data, like names, sentences, or any sequence of characters."
How do I perform operations on strings in Python?,"You can concatenate strings with `+`, repeat them with `*`, and use string methods like `.upper()`, `.lower()`, and `.replace()` for various operations."
What is the next step after learning variables and data types?,"After mastering variables and data types, move on to learning control structures such as conditionals (`if`, `elif`, `else`) and loops (`for`, `while`)."
How do control structures work in Python?,Control structures like `if` statements and loops help you control the flow of your program by making decisions and repeating code based on conditions.
Why are loops important in Python?,"Loops are crucial because they allow you to execute a block of code multiple times, making tasks like iterating over a list or running repetitive tasks easier."
What are Python lists?,"Lists are ordered collections of items that can be of any data type. They are mutable, meaning you can change their contents after creation."
How can I create a list in Python?,"You can create a list by placing comma-separated values inside square brackets, like `my_list = [1, 2, 3, 'hello']`."
What should I learn after lists?,"After lists, learn about other data structures like dictionaries, sets, and tuples, which offer different ways to organize and manage data."
What is a Python dictionary?,"A dictionary is a collection of key-value pairs, where each key is unique and maps to a specific value. It's useful for fast lookups."
When should I use a Python dictionary?,"Use dictionaries when you need to associate values with unique keys, like storing user data or counting occurrences of items."
What is a Python tuple?,"A tuple is similar to a list, but it is immutable, meaning its contents cannot be changed after creation. Use tuples for fixed data collections."
How do I iterate over a dictionary in Python?,"You can iterate over a dictionary using a `for` loop with `.items()` to get both keys and values, `.keys()` for keys, and `.values()` for values."
What is the next step after learning basic data structures?,"After mastering basic data structures, you should learn about functions, which allow you to organize your code into reusable blocks."
Why are functions important in Python?,"Functions help you encapsulate code into reusable pieces, making your programs more modular, easier to read, and easier to debug."
How do I define a function in Python?,"You define a function using the `def` keyword, followed by the function name, parentheses `()`, and a colon `:`. Inside, indent the code you want the function to execute."
What are function arguments in Python?,Function arguments are the inputs you pass to a function. They allow you to provide different values to the function each time it is called.
What should I learn after functions?,"After learning functions, move on to understanding how to work with files in Python, which is essential for reading from and writing to files."
How do I read from a file in Python?,You can read from a file using the `open()` function in combination with methods like `.read()` or `.readlines()` to get the file content.
How do I write to a file in Python?,"You can write to a file by opening it in write mode using `open('filename', 'w')` and then using the `.write()` method to add content."
What is the next step after learning file handling?,"After file handling, you should explore error handling using try-except blocks, which help you manage and recover from errors in your code."
Why is error handling important in Python?,"Error handling allows your program to continue running or fail gracefully when it encounters unexpected conditions, making your code more robust."
How do I use a try-except block in Python?,"A `try-except` block in Python lets you test code for errors (`try`) and handle exceptions (`except`) if they occur, preventing crashes."
What should I focus on after learning error handling?,"After error handling, start learning about Python modules and packages, which allow you to use and organize reusable code across different programs."
What is a Python module?,"A Python module is a file containing Python code, which can include functions, classes, and variables. Modules help organize and reuse code."
How do I import a module in Python?,"You can import a module using the `import` statement followed by the module name. For example, `import math` imports the math module."
What is the difference between a module and a package in Python?,"A module is a single file, while a package is a collection of modules organized in a directory that includes an `__init__.py` file."
What should I learn after modules and packages?,"After modules and packages, delve into object-oriented programming (OOP) in Python, which is essential for structuring more complex programs."
What is object-oriented programming in Python?,Object-oriented programming (OOP) is a paradigm that uses objects and classes to structure code in a way that models real-world entities.
How do I define a class in Python?,"You define a class using the `class` keyword, followed by the class name and a colon. Inside the class, you define methods and attributes."
What is the purpose of the `__init__` method in a Python class?,The `__init__` method is a special method in Python classes used to initialize new objects with specific attributes when they are created.
What are Python objects?,Objects are instances of classes. They encapsulate data (attributes) and behavior (methods) that are defined in their respective classes.
What should I focus on after learning about classes and objects?,"After classes and objects, explore more advanced OOP concepts like inheritance, polymorphism, and encapsulation to fully leverage OOP."
What is inheritance in Python?,"Inheritance allows a class (child class) to inherit attributes and methods from another class (parent class), enabling code reuse and extensibility."
How do I implement inheritance in Python?,"You implement inheritance by defining a child class that passes the parent class as a parameter, allowing the child class to inherit its properties."
What is polymorphism in Python?,Polymorphism in Python refers to the ability to define methods in the child class with the same name as in the parent class but with different implementations.
What is encapsulation in Python?,"Encapsulation is the concept of restricting access to certain components of an object, usually by using private and protected attributes or methods."
What should I do after mastering object-oriented programming?,"After mastering OOP, explore Python libraries like NumPy and pandas, which are crucial for data analysis and scientific computing."
What is NumPy used for in Python?,"NumPy is a library used for numerical computing in Python. It provides support for arrays, matrices, and high-level mathematical functions."
How do I create an array using NumPy?,"You can create a NumPy array using the `numpy.array()` function by passing a list of numbers, like `np.array([1, 2, 3])`."
What is pandas used for in Python?,Pandas is a library for data manipulation and analysis. It provides data structures like Series and DataFrame to handle and analyze data efficiently.
How do I create a DataFrame in pandas?,"You can create a DataFrame by passing a dictionary of lists to the `pandas.DataFrame()` function, like `pd.DataFrame({'column1': [1, 2], 'column2': [3, 4]})`."
What should I learn after NumPy and pandas?,"After NumPy and pandas, start exploring data visualization libraries like Matplotlib and Seaborn to create graphs and charts."
What is Matplotlib used for?,"Matplotlib is a data visualization library in Python that allows you to create static, animated, and interactive visualizations in various formats."
How do I create a simple plot in Matplotlib?,"You can create a simple plot using `plt.plot(x, y)` and then displaying it with `plt.show()`, where `x` and `y` are lists or arrays of data."
What is Seaborn used for?,Seaborn is a data visualization library built on top of Matplotlib. It provides a high-level interface for drawing attractive and informative statistical graphics.
How do I create a bar plot in Seaborn?,"You can create a bar plot using `sns.barplot(x='category', y='value', data=df)`, where `df` is a DataFrame containing the data."
What should I learn after data visualization?,"After data visualization, you might want to explore working with databases in Python using libraries like SQLite, SQLAlchemy, or interacting with external databases."
How do I connect to a SQLite database in Python?,"You can connect to a SQLite database using `sqlite3.connect('database_name.db')`, and then create a cursor object to execute SQL queries."
What should I learn after working with databases?,"After databases, consider learning about web development in Python using frameworks like Flask or Django, which allow you to build web applications."
What is Flask in Python?,Flask is a lightweight web framework in Python used for building web applications. It's known for being simple and flexible.
How do I create a simple web application with Flask?,"You can create a simple Flask app by importing `Flask`, creating an instance of it, and defining routes with the `@app.route()` decorator."
What is Django in Python?,"Django is a high-level web framework in Python that encourages rapid development and clean, pragmatic design. It includes many built-in features."
How do I create a Django project?,"You can create a Django project using the `django-admin startproject projectname` command, which sets up the basic project structure."
What should I learn after web development?,"After web development, consider learning about API development, allowing your Python applications to interact with other services and applications."
How do I create a REST API with Flask?,"You can create a REST API with Flask by defining routes that respond to HTTP methods like GET, POST, PUT, and DELETE, and returning JSON data."
What is a REST API?,A REST API (Representational State Transfer) is a standardized way of providing interoperability between computer systems on the internet.
How do I consume a REST API in Python?,"You can consume a REST API in Python using the `requests` library, which allows you to send HTTP requests and handle responses easily."
What should I learn after API development?,"After API development, explore topics like testing in Python using frameworks like `unittest` or `pytest` to ensure your code is reliable and bug-free."
How do I write unit tests in Python?,You can write unit tests using the `unittest` module by defining test cases as methods in a class that inherits from `unittest.TestCase`.
What is pytest in Python?,Pytest is a testing framework that makes it easy to write simple and scalable test cases for Python code. It’s known for its simplicity and flexibility.
What should I focus on after learning testing?,"After testing, consider exploring more advanced Python topics like concurrency and parallelism using libraries like `asyncio`, threading, or multiprocessing."
What is asyncio in Python?,"Asyncio is a library in Python that provides support for asynchronous programming, allowing you to write concurrent code using async/await syntax."
How do I create a simple asynchronous function in Python?,"You can create an asynchronous function using the `async def` syntax, and you can run it using `await` inside an event loop."
What is threading in Python?,"Threading allows you to run multiple threads (smaller units of a process) concurrently, which can be useful for I/O-bound tasks."
How do I start a new thread in Python?,You can start a new thread using the `threading.Thread()` class by passing the target function and calling `.start()` on the thread instance.
What is multiprocessing in Python?,"Multiprocessing is a module that supports the creation of processes, which run independently and have their own memory space, useful for CPU-bound tasks."
How do I create a new process in Python?,You can create a new process using the `multiprocessing.Process()` class by passing the target function and calling `.start()` on the process instance.
What should I explore after concurrency and parallelism?,"After concurrency, dive into more specialized topics like machine learning, artificial intelligence, or blockchain development using Python."
What is machine learning in Python?,Machine learning in Python involves using algorithms and statistical models to enable computers to perform tasks without explicit instructions.
How do I start with machine learning in Python?,"You can start with machine learning by learning about libraries like scikit-learn, TensorFlow, or PyTorch, and practicing with datasets."
What is scikit-learn used for?,"Scikit-learn is a library that provides simple and efficient tools for data mining, data analysis, and machine learning in Python."
What is TensorFlow?,TensorFlow is an open-source library developed by Google for machine learning and deep learning applications.
bye,bye mubeen
